Model,CV Score (R²),Test Score (R²)
Ridge,0.23623470693339949,0.07462921275999657
Lasso,0.23541559936307405,0.06336244459951845
Random Forest,0.174852644159603,0.03266260866289783
Gradient Boosting,0.18250144326896534,0.0285779245332497
