Model,CV Score (R²),Test Score (R²)
Ridge,0.9368842906045742,0.935505993949063
Lasso,0.9368609536734512,0.9355412819835579
Random Forest,0.9108189991144936,0.9182462699889483
Gradient Boosting,0.9499523798050487,0.950816430860521
